{
  "hash": "245ade93",
  "configHash": "cad0fd22",
  "lockfileHash": "62b47b86",
  "browserHash": "789374e6",
  "optimized": {
    "@angular/core": {
      "src": "../../../../../../node_modules/@angular/core/fesm2022/core.mjs",
      "file": "@angular_core.js",
      "fileHash": "29e6f767",
      "needsInterop": false
    },
    "@angular/platform-browser": {
      "src": "../../../../../../node_modules/@angular/platform-browser/fesm2022/platform-browser.mjs",
      "file": "@angular_platform-browser.js",
      "fileHash": "a7c3012c",
      "needsInterop": false
    },
    "@angular/router": {
      "src": "../../../../../../node_modules/@angular/router/fesm2022/router.mjs",
      "file": "@angular_router.js",
      "fileHash": "4b4a79d5",
      "needsInterop": false
    },
    "@angular/forms": {
      "src": "../../../../../../node_modules/@angular/forms/fesm2022/forms.mjs",
      "file": "@angular_forms.js",
      "fileHash": "549a9c06",
      "needsInterop": false
    },
    "sweetalert2": {
      "src": "../../../../../../node_modules/sweetalert2/dist/sweetalert2.esm.all.js",
      "file": "sweetalert2.js",
      "fileHash": "303c5eca",
      "needsInterop": false
    },
    "@angular/common": {
      "src": "../../../../../../node_modules/@angular/common/fesm2022/common.mjs",
      "file": "@angular_common.js",
      "fileHash": "181cd723",
      "needsInterop": false
    },
    "@angular/common/http": {
      "src": "../../../../../../node_modules/@angular/common/fesm2022/http.mjs",
      "file": "@angular_common_http.js",
      "fileHash": "eece3b31",
      "needsInterop": false
    },
    "rxjs/operators": {
      "src": "../../../../../../node_modules/rxjs/dist/esm5/operators/index.js",
      "file": "rxjs_operators.js",
      "fileHash": "44d7de16",
      "needsInterop": false
    }
  },
  "chunks": {
    "chunk-NTJ2U72A": {
      "file": "chunk-NTJ2U72A.js"
    },
    "chunk-L3LPN76Q": {
      "file": "chunk-L3LPN76Q.js"
    },
    "chunk-KEPEJ7WE": {
      "file": "chunk-KEPEJ7WE.js"
    },
    "chunk-KIMKG77P": {
      "file": "chunk-KIMKG77P.js"
    },
    "chunk-MS2KNR3Q": {
      "file": "chunk-MS2KNR3Q.js"
    },
    "chunk-EWHU56JM": {
      "file": "chunk-EWHU56JM.js"
    },
    "chunk-WDMUDEB6": {
      "file": "chunk-WDMUDEB6.js"
    }
  }
}